{"cameraMode":{"drawMode":0,"name":"Shaded","section":"Shading Mode"},"sceneLighting":false,"audioPlay":false,"sceneViewState":{"m_AlwaysRefresh":false,"showFog":true,"showSkybox":false,"showFlares":true,"showImageEffects":true,"showParticleSystems":true,"showVisualEffectGraphs":true,"m_FxEnabled":true},"in2DMode":false,"pivot":{"x":-0.3699999749660492,"y":0.8160533308982849,"z":-1.6256424188613892},"rotation":{"x":0.2311229258775711,"y":0.036474671214818957,"z":-0.008671149611473084,"w":0.972205400466919},"size":2.5335514545440676,"orthographic":false}