{"cameraMode":{"drawMode":0,"name":"Shaded","section":"Shading Mode"},"sceneLighting":false,"audioPlay":false,"sceneViewState":{"m_AlwaysRefresh":false,"showFog":false,"showSkybox":false,"showFlares":false,"showImageEffects":false,"showParticleSystems":false,"showVisualEffectGraphs":true,"m_FxEnabled":true},"in2DMode":false,"pivot":{"x":5.960464477539063e-8,"y":0.869835615158081,"z":0.008967667818069458},"rotation":{"x":-0.30965879559516909,"y":0.3159462809562683,"z":-0.10992015898227692,"w":-0.8900602459907532},"size":1.2088127136230469,"orthographic":false}