{"cameraMode":{"drawMode":0,"name":"Shaded","section":"Shading Mode"},"sceneLighting":true,"audioPlay":false,"sceneViewState":{"m_AlwaysRefresh":false,"showFog":true,"showSkybox":true,"showFlares":true,"showImageEffects":true,"showParticleSystems":true,"showVisualEffectGraphs":true,"m_FxEnabled":true},"in2DMode":false,"pivot":{"x":7.3952717781066898,"y":2.288886308670044,"z":-5.302621841430664},"rotation":{"x":0.36905473470687868,"y":0.06266482174396515,"z":-0.02494909055531025,"w":0.9269571304321289},"size":10.689966201782227,"orthographic":true}